[
    {
        "icon":"http://localhost:8080/2.jpg",
        "name":"小明",
        "time":"2016-07-13 20:33",
        "gettime":"80分钟送达",
        "cantent":" 油条凉了，而且没有酱。75分钟才到。很慢。送餐员态度不错，但毕竟好晚了啊."
    },
    {
        "icon":"http://localhost:8080/3.jpeg",
        "name":"谭***0",
        "time":"2016-07-13 20:22",
        "gettime":"60分钟送达",
        "cantent":" 这次太慢了，下次希望能直接和客户沟通而不是我一次次打电话问，但快递师傅态度很好。."
    },
    {
        "icon":"http://localhost:8080/5.png",
        "name":"叽************",
        "time":"2016-07-13 20:33",
        "gettime":"40分钟送达",
        "cantent":" 我要求18点40送达，结果提前了45分钟，家里没人。."
    }

]